{
    "rmse": 0.6131965427169335,
    "mae": 0.4513333333333333,
    "r2": 0.4069462140348715
}