{
    "rmse": 0.5908970934096731,
    "mae": 0.44306249999999997,
    "r2": 0.44929579200295733
}