{
    "rmse": 0.7594274842173834,
    "mae": 0.6210677016253435,
    "r2": 0.09036469367941291
}